EmpID,Name,Age,Gender,Department,City,Salary,Experience,Joining_Date,Performance_Rating,Bonus,Email
1001,Priya,21,Female,IT,Pune,71905.0,4,2020-02-24,5,7848,emp1@company.com
1002,Rohan,22,Male,HR,Pune,68698.0,7,2024-08-31,5,5869,emp2@company.com
1003,Sneha,43,Female,IT,Delhi,66781.0,8,2019-01-27,2,27876,emp3@company.com
1004,Anjali,29,Male,IT,Mumbai,57696.0,3,2020-01-15,4,8169,emp4@company.com
1005,Aditya,32,Female,HR,Delhi,53526.0,3,2023-03-31,1,23089,emp5@company.com
1006,Aditya,41,Female,Marketing,Pune,49213.0,2,2019-07-07,2,14482,emp6@company.com
1007,Aditya,28,Male,Finance,Mumbai,35229.0,14,2023-02-03,2,17130,emp7@company.com
1008,Sneha,42,Female,HR,Bhopal,53283.0,5,2024-12-27,2,10354,emp8@company.com
1009,Rohan,29,Male,Sales,Indore,60294.0,7,2019-05-12,3,18145,emp9@company.com
1010,Priya,27,Female,IT,Delhi,47546.0,12,2024-02-23,2,13679,emp10@company.com
1011,Sneha,44,Female,Marketing,Delhi,39150.0,12,2023-01-22,2,9532,emp11@company.com
1012,Neha,23,Male,HR,Pune,63392.0,5,2023-09-26,5,7081,emp12@company.com
1013,Rohan,40,Female,Marketing,Mumbai,55216.0,0,2020-04-14,5,29604,emp13@company.com
1014,Riya,41,Female,HR,Mumbai,47486.0,13,2020-10-09,4,5106,emp14@company.com
1015,Nisha,44,Female,Marketing,Pune,77323.0,3,2022-05-07,5,24954,emp15@company.com
1016,Rahul,32,Male,Marketing,Bhopal,43035.0,0,2022-08-20,4,5638,emp16@company.com
1017,Priya,32,Female,IT,Indore,,7,2019-11-19,1,28983,emp17@company.com
1018,Aditya,23,Male,IT,Delhi,61849.0,5,2021-12-21,5,24876,emp18@company.com
1019,Sneha,38,Male,Sales,Delhi,57730.0,11,2023-11-30,5,19794,emp19@company.com
1020,Sneha,28,Male,Sales,Indore,37930.0,7,2021-06-21,1,7326,emp20@company.com
1021,Karan,22,Male,HR,Indore,76389.0,10,2019-10-18,5,12798,emp21@company.com
1022,Karan,36,Male,Marketing,Pune,48250.0,15,2021-09-22,4,18338,emp22@company.com
1023,Priya,24,Female,Sales,Delhi,42478.0,13,2024-03-27,1,27064,emp23@company.com
1024,Karan,24,Male,Finance,Mumbai,72824.0,3,2021-10-15,2,11232,emp24@company.com
1025,Neha,25,Female,IT,Mumbai,65146.0,14,2021-10-20,1,19520,emp25@company.com
1026,Aditya,38,Male,HR,Bhopal,82954.0,0,2020-01-18,2,10449,emp26@company.com
1027,Neha,36,Male,Finance,Indore,56634.0,5,2023-04-02,1,17793,emp27@company.com
1028,Nisha,35,Female,Finance,Bhopal,47380.0,15,2020-09-26,2,14722,emp28@company.com
1029,Aman,39,Male,Sales,Indore,44267.0,1,2024-05-06,5,22403,emp29@company.com
1030,Aman,37,Male,IT,Indore,40317.0,2,2021-08-21,4,8928,emp30@company.com
1031,Pooja,28,Male,Marketing,Indore,88345.0,13,2024-11-11,3,13544,emp31@company.com
1032,Karan,43,Female,IT,Mumbai,43386.0,12,2020-06-20,3,19982,emp32@company.com
1033,Nisha,45,Male,HR,Delhi,50720.0,3,2019-10-28,5,11984,emp33@company.com
1034,Arjun,29,Male,Sales,Indore,,7,2023-02-22,3,10169,emp34@company.com
1035,Aditya,38,Female,Marketing,Bhopal,58716.0,0,2022-05-11,1,9400,emp35@company.com
1036,Priya,24,Male,Sales,Mumbai,47332.0,6,2022-11-05,2,27527,emp36@company.com
1037,Aditya,29,Female,Sales,Indore,71565.0,2,2023-10-01,3,6444,emp37@company.com
1038,Anjali,45,Male,Sales,Pune,30232.0,14,2023-10-18,5,5316,emp38@company.com
1039,Priya,43,Male,Marketing,Indore,37331.0,11,2020-08-29,4,9176,emp39@company.com
1040,Vikas,32,Male,Sales,Pune,32741.0,7,2020-02-26,3,23346,emp40@company.com
1041,Aditya,34,Male,IT,Pune,87942.0,5,2023-08-16,1,10877,emp41@company.com
1042,Nisha,31,Female,IT,Mumbai,78271.0,5,2020-03-18,4,6268,emp42@company.com
1043,Neha,28,Male,Finance,Mumbai,86268.0,9,2021-07-21,2,5775,emp43@company.com
1044,Sneha,33,Female,Sales,Indore,73255.0,8,2022-12-09,5,18096,emp44@company.com
1045,Aditya,38,Female,HR,Indore,74532.0,8,2021-01-01,5,13698,emp45@company.com
1046,Priya,40,Female,Sales,Mumbai,32507.0,13,2024-09-25,1,17622,emp46@company.com
1047,Pooja,27,Female,HR,Delhi,88949.0,0,2024-10-30,5,27506,emp47@company.com
1048,Meera,44,Male,Sales,Delhi,77148.0,2,2022-09-14,5,15286,emp48@company.com
1049,Aditya,24,Female,Marketing,Mumbai,73475.0,13,2022-08-29,4,27846,emp49@company.com
1050,Arjun,25,Male,Finance,Delhi,49376.0,5,2022-05-17,4,22954,emp50@company.com
1051,Aditya,21,Female,Sales,Pune,,13,2022-08-12,4,19476,emp51@company.com
1052,Karan,27,Female,IT,Indore,58977.0,9,2024-10-12,5,15983,emp52@company.com
1053,Aditya,45,Male,Sales,Pune,36120.0,6,2020-08-26,1,6514,emp53@company.com
1054,Neha,40,Male,Finance,Delhi,46046.0,6,2023-04-22,4,18095,emp54@company.com
1055,Rahul,41,Male,HR,Delhi,45989.0,7,2020-12-21,5,20222,emp55@company.com
1056,Arjun,28,Male,Finance,Pune,33291.0,14,2024-12-15,5,24511,emp56@company.com
1057,Riya,35,Female,Marketing,Delhi,50794.0,5,2024-04-28,4,13493,emp57@company.com
1058,Sneha,41,Female,Marketing,Delhi,79268.0,7,2022-01-29,4,7538,emp58@company.com
1059,Vikas,28,Female,Sales,Mumbai,76762.0,2,2020-07-20,2,12577,emp59@company.com
1060,Meera,25,Male,HR,Delhi,55102.0,13,2022-09-17,5,20267,emp60@company.com
1061,Aman,27,Female,Finance,Bhopal,57248.0,0,2023-04-08,4,5193,emp61@company.com
1062,Vikas,45,Female,Finance,Bhopal,53052.0,7,2024-06-22,2,13943,emp62@company.com
1063,Neha,21,Female,Sales,Delhi,58562.0,5,2024-03-29,2,25390,emp63@company.com
1064,Aman,33,Male,HR,Delhi,65004.0,4,2024-03-06,2,6647,emp64@company.com
1065,Rohan,31,Male,Finance,Mumbai,47049.0,10,2023-04-02,3,29641,emp65@company.com
1066,Rohan,29,Male,Finance,Indore,84520.0,1,2022-12-04,2,26303,emp66@company.com
1067,Riya,41,Male,HR,Pune,34496.0,6,2019-03-25,5,9993,emp67@company.com
1068,Sneha,25,Female,HR,Bhopal,,6,2024-03-19,3,17087,emp68@company.com
1069,Pooja,40,Male,IT,Mumbai,40996.0,3,2019-04-16,3,23867,emp69@company.com
1070,Nisha,33,Female,IT,Indore,74390.0,7,2020-02-22,3,27421,emp70@company.com
1071,Riya,24,Male,Sales,Bhopal,69348.0,13,2023-02-26,1,21579,emp71@company.com
1072,Anjali,21,Female,Finance,Indore,72437.0,13,2023-01-23,4,28177,emp72@company.com
1073,Rohan,26,Female,Marketing,Bhopal,40026.0,15,2024-03-19,4,28954,emp73@company.com
1074,Vikas,31,Male,HR,Mumbai,68828.0,14,2021-09-25,4,23672,emp74@company.com
1075,Karan,33,Female,HR,Delhi,69998.0,10,2021-01-14,4,11950,emp75@company.com
1076,Riya,29,Female,Sales,Bhopal,53253.0,8,2019-02-11,5,11260,emp76@company.com
1077,Sneha,44,Female,Finance,Bhopal,35610.0,7,2024-05-04,4,19685,emp77@company.com
1078,Aman,23,Female,IT,Delhi,81965.0,7,2022-06-08,5,17092,emp78@company.com
1079,Arjun,37,Female,Finance,Bhopal,61015.0,10,2022-12-12,4,13877,emp79@company.com
1080,Vikas,28,Male,IT,Mumbai,50094.0,3,2025-01-03,2,11276,emp80@company.com
1081,Meera,36,Female,Marketing,Bhopal,44180.0,9,2020-02-16,2,14707,emp81@company.com
1082,Anjali,26,Female,HR,Bhopal,44908.0,4,2022-01-28,1,6786,emp82@company.com
1083,Vikas,43,Male,Finance,Indore,66264.0,0,2022-03-10,4,20686,emp83@company.com
1084,Anjali,26,Male,Sales,Delhi,58866.0,3,2019-09-25,4,21113,emp84@company.com
1085,Priya,39,Male,IT,Pune,,9,2019-12-15,2,8881,emp85@company.com
1086,Riya,34,Male,Marketing,Delhi,66573.0,14,2023-12-19,3,24284,emp86@company.com
1087,Vikas,39,Male,Marketing,Indore,58103.0,6,2021-05-14,3,26640,emp87@company.com
1088,Rahul,28,Male,Marketing,Indore,35320.0,5,2019-01-11,4,19762,emp88@company.com
1089,Pooja,36,Female,HR,Pune,75178.0,9,2022-03-04,4,7332,emp89@company.com
1090,Sneha,29,Male,Finance,Indore,75048.0,7,2020-09-02,3,9660,emp90@company.com
1091,Aman,26,Female,Marketing,Bhopal,34679.0,9,2023-12-04,1,20358,emp91@company.com
1092,Vikas,43,Female,Sales,Bhopal,75133.0,15,2023-11-29,1,24596,emp92@company.com
1093,Nisha,34,Female,Marketing,Mumbai,32612.0,0,2020-01-10,2,27095,emp93@company.com
1094,Aditya,39,Male,Sales,Bhopal,84785.0,1,2020-12-18,4,22005,emp94@company.com
1095,Neha,29,Male,Marketing,Delhi,72697.0,15,2020-01-09,4,16401,emp95@company.com
1096,Anjali,31,Male,IT,Mumbai,56761.0,13,2024-07-22,3,26711,emp96@company.com
1097,Aditya,45,Male,Finance,Indore,56244.0,10,2021-10-30,3,8798,emp97@company.com
1098,Rohan,37,Male,Marketing,Delhi,80629.0,13,2019-08-11,2,21988,emp98@company.com
1001,Priya,21,Female,IT,Pune,71905.0,4,2020-02-24,5,7848,emp1@company.com
1002,Rohan,22,Male,HR,Pune,68698.0,7,2024-08-31,5,5869,emp2@company.com
